current,run,epoch,loss,accuracy,epoch duration,run duration,lr,batch_size,shuffle,device,num_workers,normalize
Train,1,1,0.5761295462648074,0.7900666666666667,9.17402982711792,12.679071187973022,0.01,1000,True,cuda,1,normal
Train,1,2,0.338246713578701,0.87485,9.1870436668396,22.336514234542847,0.01,1000,True,cuda,1,normal
Train,1,3,0.2932549054423968,0.8914333333333333,8.751546144485474,31.61763572692871,0.01,1000,True,cuda,1,normal
Train,1,4,0.2779459076623122,0.8952666666666667,8.884610414505005,40.909517765045166,0.01,1000,True,cuda,1,normal
Train,1,5,0.262462317943573,0.90185,10.534000873565674,51.826786518096924,0.01,1000,True,cuda,1,normal
Test,1,1,0.3015854448080063,0.8896,2.4278836250305176,54.843708753585815,,1000,True,cuda,1,normal
Train,1,6,0.2515770430366198,0.9059166666666667,9.980170249938965,65.0532820224762,0.01,1000,True,cuda,1,normal
Train,1,7,0.23535687625408172,0.91175,9.814387559890747,75.49790358543396,0.01,1000,True,cuda,1,normal
Train,1,8,0.2259796348710855,0.9157833333333333,9.55717921257019,85.62524127960205,0.01,1000,True,cuda,1,normal
Train,1,9,0.2210864931344986,0.9168,9.263470649719238,95.46818256378174,0.01,1000,True,cuda,1,normal
Train,1,10,0.20829207003116607,0.9212166666666667,9.9863920211792,105.98179340362549,0.01,1000,True,cuda,1,normal
Test,1,2,0.30265394151210784,0.8956,2.283889055252075,108.59663009643555,,1000,True,cuda,1,normal
Train,1,11,0.2056168645620346,0.9221333333333334,9.632983446121216,118.36217498779297,0.01,1000,True,cuda,1,normal
Train,1,12,0.1956896126270294,0.9275666666666667,9.762827157974243,128.71264719963074,0.01,1000,True,cuda,1,normal
Train,1,13,0.18850175937016805,0.9299833333333334,9.53227686882019,138.6703884601593,0.01,1000,True,cuda,1,normal
Train,1,14,0.19213863437374432,0.9262333333333334,9.207419872283936,148.3693573474884,0.01,1000,True,cuda,1,normal
Train,1,15,0.18396789232889812,0.93015,9.10202407836914,157.80265545845032,0.01,1000,True,cuda,1,normal
Test,1,3,0.30325437188148496,0.8965,2.471705913543701,160.6052315235138,,1000,True,cuda,1,normal
Train,1,16,0.1771702542901039,0.93355,9.737753629684448,170.52299737930298,0.01,1000,True,cuda,1,normal
Train,1,17,0.1773031252125899,0.93275,9.332428693771362,180.30215859413147,0.01,1000,True,cuda,1,normal
Train,1,18,0.1675768380363782,0.9357833333333333,9.205623149871826,190.02274584770203,0.01,1000,True,cuda,1,normal
Train,1,19,0.16405462796489398,0.9377,8.917621374130249,199.4867980480194,0.01,1000,True,cuda,1,normal
Train,1,20,0.15361662345627944,0.94125,9.411340475082397,209.36554527282715,0.01,1000,True,cuda,1,normal
Test,1,4,0.33376372158527373,0.8965,2.231670379638672,211.92129635810852,,1000,True,cuda,1,normal
Train,2,1,0.575352034966151,0.7910833333333334,4.971697807312012,6.940023183822632,0.01,1000,True,cuda,1,no_normal
Train,2,2,0.3588346208135287,0.86585,5.024373292922974,12.158465385437012,0.01,1000,True,cuda,1,no_normal
Train,2,3,0.31620617856582006,0.8822333333333333,4.745285987854004,17.101553440093994,0.01,1000,True,cuda,1,no_normal
Train,2,4,0.2891634660462538,0.8917333333333334,4.62421989440918,21.885627508163452,0.01,1000,True,cuda,1,no_normal
Train,2,5,0.2733253426849842,0.8973166666666667,4.687633991241455,26.745773553848267,0.01,1000,True,cuda,1,no_normal
Test,2,1,0.4011863350868225,0.8574,1.5956203937530518,28.643173933029175,,1000,True,cuda,1,normal
Train,2,6,0.2595355456074079,0.9029166666666667,4.68546986579895,33.42471623420715,0.01,1000,True,cuda,1,no_normal
Train,2,7,0.24908770124117532,0.90635,4.621954917907715,38.22787666320801,0.01,1000,True,cuda,1,no_normal
Train,2,8,0.23801000639796258,0.90985,4.701827049255371,43.089619636535645,0.01,1000,True,cuda,1,no_normal
Train,2,9,0.2327490083873272,0.9112166666666667,4.577515125274658,47.86138677597046,0.01,1000,True,cuda,1,no_normal
Train,2,10,0.22405231123169264,0.91495,4.637458324432373,52.68074989318848,0.01,1000,True,cuda,1,no_normal
Test,2,2,0.4181815207004547,0.8569,1.588632345199585,54.45586585998535,,1000,True,cuda,1,normal
Train,2,11,0.21468520735700924,0.9194833333333333,4.6396050453186035,59.22273087501526,0.01,1000,True,cuda,1,no_normal
Train,2,12,0.20432411159078281,0.9227333333333333,4.633853912353516,64.03338027000427,0.01,1000,True,cuda,1,no_normal
Train,2,13,0.19822976763049763,0.9244166666666667,4.659830093383789,68.89349675178528,0.01,1000,True,cuda,1,no_normal
Train,2,14,0.19275186384717624,0.9266666666666666,4.767130136489868,73.85352230072021,0.01,1000,True,cuda,1,no_normal
Train,2,15,0.18916845495502155,0.9275666666666667,4.798930644989014,78.86955094337463,0.01,1000,True,cuda,1,no_normal
Test,2,3,0.467031991481781,0.8556,1.5962605476379395,80.66601610183716,,1000,True,cuda,1,normal
Train,2,16,0.18360935697952907,0.9293833333333333,4.660425424575806,85.41543102264404,0.01,1000,True,cuda,1,no_normal
Train,2,17,0.17506765872240065,0.9327333333333333,4.647452354431152,90.24522757530212,0.01,1000,True,cuda,1,no_normal
Train,2,18,0.16573340532680353,0.9363166666666667,4.64323878288269,95.05833649635315,0.01,1000,True,cuda,1,no_normal
Train,2,19,0.1644229001055161,0.93735,4.638153553009033,99.88638949394226,0.01,1000,True,cuda,1,no_normal
Train,2,20,0.16383307228485744,0.9376166666666667,4.653172016143799,104.7594895362854,0.01,1000,True,cuda,1,no_normal
Test,2,4,0.5058639645576477,0.8516,1.6502876281738281,106.61140608787537,,1000,True,cuda,1,normal
Train,3,1,0.5985619619488716,0.7776,6.679247140884399,7.982064485549927,0.01,1000,False,cuda,1,normal
Train,3,2,0.3517104104161263,0.8697666666666667,6.722323179244995,14.894294261932373,0.01,1000,False,cuda,1,normal
Train,3,3,0.3067862331867218,0.8848,6.992793321609497,22.099602937698364,0.01,1000,False,cuda,1,normal
Train,3,4,0.27943676685293517,0.8957833333333334,7.920412063598633,30.24739956855774,0.01,1000,False,cuda,1,normal
Train,3,5,0.2645204409956932,0.9003166666666667,6.846172571182251,37.343358516693115,0.01,1000,False,cuda,1,normal
Test,3,1,0.3059292912483215,0.8901,1.5898497104644775,39.11969780921936,,1000,True,cuda,1,normal
Train,3,6,0.2536517078677813,0.90385,6.587756633758545,45.803682804107666,0.01,1000,False,cuda,1,normal
Train,3,7,0.23879764551917712,0.90955,6.676637172698975,52.68308115005493,0.01,1000,False,cuda,1,normal
Train,3,8,0.22956202899416286,0.9132666666666667,6.573681354522705,59.49572539329529,0.01,1000,False,cuda,1,normal
Train,3,9,0.22188745414217312,0.91555,6.74667501449585,66.43226623535156,0.01,1000,False,cuda,1,normal
Train,3,10,0.21537616079052288,0.9175333333333333,6.629486799240112,73.266184091568,0.01,1000,False,cuda,1,normal
Test,3,2,0.3050814777612686,0.8953,1.5857207775115967,75.05926156044006,,1000,True,cuda,1,normal
Train,3,11,0.20847830524047214,0.9207333333333333,6.599721670150757,81.77843880653381,0.01,1000,False,cuda,1,normal
Train,3,12,0.20409701466560365,0.92255,6.775383710861206,88.75369620323181,0.01,1000,False,cuda,1,normal
Train,3,13,0.20157889351248742,0.9239,6.668737411499023,95.60141253471375,0.01,1000,False,cuda,1,normal
Train,3,14,0.19597357908884686,0.9256166666666666,6.629242658615112,102.56124424934387,0.01,1000,False,cuda,1,normal
Train,3,15,0.1904389150440693,0.9274166666666667,6.562551975250244,109.3657636642456,0.01,1000,False,cuda,1,normal
Test,3,3,0.30460530519485474,0.8971,1.6187877655029297,111.16439247131348,,1000,True,cuda,1,normal
Train,3,16,0.18851148361961048,0.9283833333333333,6.633411169052124,117.88340902328491,0.01,1000,False,cuda,1,normal
Train,3,17,0.18734578813115757,0.929,6.6581878662109375,124.70147228240967,0.01,1000,False,cuda,1,normal
Train,3,18,0.18080553139249483,0.93095,6.638405084609985,131.66488647460938,0.01,1000,False,cuda,1,normal
Train,3,19,0.17812044844031333,0.9319166666666666,6.631931781768799,138.50687050819397,0.01,1000,False,cuda,1,normal
Train,3,20,0.1691559279958407,0.9356666666666666,6.688146114349365,145.37828254699707,0.01,1000,False,cuda,1,normal
Test,3,4,0.3543776303529739,0.8899,1.586158037185669,147.19965529441833,,1000,True,cuda,1,normal
Train,4,1,0.5450895229975382,0.8026833333333333,4.611315011978149,5.8146162033081055,0.01,1000,False,cuda,1,no_normal
Train,4,2,0.3340056285262108,0.8748666666666667,4.91506814956665,10.899628162384033,0.01,1000,False,cuda,1,no_normal
Train,4,3,0.29623124152421954,0.89035,4.648452281951904,15.747576475143433,0.01,1000,False,cuda,1,no_normal
Train,4,4,0.2786073677241802,0.8960666666666667,4.59577751159668,20.54713797569275,0.01,1000,False,cuda,1,no_normal
Train,4,5,0.2600209174056848,0.9044,4.679406404495239,25.42648148536682,0.01,1000,False,cuda,1,no_normal
Test,4,1,0.4311933994293213,0.8475,1.5870766639709473,27.298784732818604,,1000,True,cuda,1,normal
Train,4,6,0.24995641857385636,0.9071833333333333,4.583520889282227,31.969762086868286,0.01,1000,False,cuda,1,no_normal
Train,4,7,0.24156925131877263,0.9095166666666666,4.615854740142822,36.75548553466797,0.01,1000,False,cuda,1,no_normal
Train,4,8,0.2373283269504706,0.9110833333333334,4.568504810333252,41.53194332122803,0.01,1000,False,cuda,1,no_normal
Train,4,9,0.22663624286651612,0.9148666666666667,4.644942045211792,46.381975412368774,0.01,1000,False,cuda,1,no_normal
Train,4,10,0.22350263769427936,0.9151166666666667,4.611345291137695,51.18643569946289,0.01,1000,False,cuda,1,no_normal
Test,4,2,0.42119710743427274,0.8513,1.5937187671661377,52.978354692459106,,1000,True,cuda,1,normal
Train,4,11,0.20753719235459964,0.9204333333333333,4.599209308624268,57.67750144004822,0.01,1000,False,cuda,1,no_normal
Train,4,12,0.1990101754665375,0.9241333333333334,4.693889617919922,62.55883049964905,0.01,1000,False,cuda,1,no_normal
Train,4,13,0.19456861267487208,0.9264,4.628129720687866,67.38309454917908,0.01,1000,False,cuda,1,no_normal
Train,4,14,0.19128138273954393,0.9279666666666667,4.583542346954346,72.14649891853333,0.01,1000,False,cuda,1,no_normal
Train,4,15,0.18881503517429035,0.9282666666666667,4.625806570053101,76.94860172271729,0.01,1000,False,cuda,1,no_normal
Test,4,3,0.5112910896539689,0.8437,1.608107566833496,78.75428104400635,,1000,True,cuda,1,normal
Train,4,16,0.18900951420267423,0.9285833333333333,4.629434823989868,83.48794746398926,0.01,1000,False,cuda,1,no_normal
Train,4,17,0.1760812391837438,0.9327666666666666,4.5926055908203125,88.27935719490051,0.01,1000,False,cuda,1,no_normal
Train,4,18,0.16925776054461797,0.9354333333333333,4.629550218582153,93.08855772018433,0.01,1000,False,cuda,1,no_normal
Train,4,19,0.16812989910443624,0.9363333333333334,4.621749401092529,97.88953280448914,0.01,1000,False,cuda,1,no_normal
Train,4,20,0.17029229812324048,0.9348666666666666,4.593583583831787,102.69074440002441,0.01,1000,False,cuda,1,no_normal
Test,4,4,0.5782942324876785,0.8347,1.5911755561828613,104.47506070137024,,1000,True,cuda,1,normal
Train,5,1,0.7297301024198533,0.7367333333333334,6.55532693862915,8.460225105285645,0.01,2000,True,cuda,1,normal
Train,5,2,0.38715811173121134,0.8547833333333333,6.650216579437256,15.299851179122925,0.01,2000,True,cuda,1,normal
Train,5,3,0.32446717818578086,0.8802833333333333,6.985613822937012,22.47536540031433,0.01,2000,True,cuda,1,normal
Train,5,4,0.2968199968338013,0.8904833333333333,6.650415897369385,29.332575798034668,0.01,2000,True,cuda,1,normal
Train,5,5,0.27588934352000555,0.8978166666666667,6.739339828491211,36.25663208961487,0.01,2000,True,cuda,1,normal
Test,5,1,0.30413901507854463,0.8889,1.5913231372833252,38.03477954864502,,1000,True,cuda,1,normal
Train,5,6,0.2593704824646314,0.9041166666666667,6.6483213901519775,44.77248668670654,0.01,2000,True,cuda,1,normal
Train,5,7,0.24795412470897038,0.90675,6.716577768325806,51.66868567466736,0.01,2000,True,cuda,1,normal
Train,5,8,0.23775997658570608,0.91125,6.673003435134888,58.528252840042114,0.01,2000,True,cuda,1,normal
Train,5,9,0.22978857159614563,0.9150833333333334,6.63256573677063,65.35963773727417,0.01,2000,True,cuda,1,normal
Train,5,10,0.22194581578175226,0.9162833333333333,6.657917499542236,72.19677734375,0.01,2000,True,cuda,1,normal
Test,5,2,0.28110164403915405,0.8973,1.711949348449707,74.09270763397217,,1000,True,cuda,1,normal
Train,5,11,0.21128983646631241,0.9214166666666667,6.851209878921509,81.10105729103088,0.01,2000,True,cuda,1,normal
Train,5,12,0.2090842584768931,0.92195,6.582547903060913,87.86323761940002,0.01,2000,True,cuda,1,normal
Train,5,13,0.20084764957427978,0.9246166666666666,6.676790714263916,94.70993947982788,0.01,2000,True,cuda,1,normal
Train,5,14,0.19689538578192392,0.9260833333333334,6.73263955116272,101.76483011245728,0.01,2000,True,cuda,1,normal
Train,5,15,0.18952658077081044,0.9278833333333333,6.629138231277466,108.59971451759338,0.01,2000,True,cuda,1,normal
Test,5,3,0.30406995862722397,0.8951,1.619119644165039,110.40670680999756,,1000,True,cuda,1,normal
Train,5,16,0.1879720096786817,0.9288833333333333,6.603081703186035,117.09974074363708,0.01,2000,True,cuda,1,normal
Train,5,17,0.1797091911236445,0.9326333333333333,6.6598687171936035,123.94094038009644,0.01,2000,True,cuda,1,normal
Train,5,18,0.17227012813091278,0.9356333333333333,6.798924446105957,130.93658447265625,0.01,2000,True,cuda,1,normal
Train,5,19,0.16797401408354443,0.9362666666666667,6.689778089523315,137.94508862495422,0.01,2000,True,cuda,1,normal
Train,5,20,0.16768997857968013,0.9372166666666667,6.686776638031006,144.83095145225525,0.01,2000,True,cuda,1,normal
Test,5,4,0.3188174396753311,0.8937,1.6201269626617432,146.6542375087738,,1000,True,cuda,1,normal
Train,6,1,0.73082441786925,0.7297833333333333,4.7108473777771,6.497693061828613,0.01,2000,True,cuda,1,no_normal
Train,6,2,0.38555982808272043,0.8565,4.739021062850952,11.420904874801636,0.01,2000,True,cuda,1,no_normal
Train,6,3,0.3229423413674037,0.8793333333333333,4.894474029541016,16.51657199859619,0.01,2000,True,cuda,1,no_normal
Train,6,4,0.29734713286161424,0.8892666666666666,4.95682954788208,21.66113305091858,0.01,2000,True,cuda,1,no_normal
Train,6,5,0.27453402429819107,0.89815,4.719327449798584,26.561729669570923,0.01,2000,True,cuda,1,no_normal
Test,6,1,0.38045009672641755,0.8641,1.5910277366638184,28.3344509601593,,1000,True,cuda,1,normal
Train,6,6,0.2651491309205691,0.9010666666666667,4.603981971740723,33.021414041519165,0.01,2000,True,cuda,1,no_normal
Train,6,7,0.2477452556292216,0.90745,4.649476051330566,37.87435483932495,0.01,2000,True,cuda,1,no_normal
Train,6,8,0.2405087321996689,0.9100166666666667,4.697615146636963,42.76521944999695,0.01,2000,True,cuda,1,no_normal
Train,6,9,0.23385339379310607,0.91285,4.6930670738220215,47.630165576934814,0.01,2000,True,cuda,1,no_normal
Train,6,10,0.22070164730151495,0.9165166666666666,4.817021369934082,52.63435673713684,0.01,2000,True,cuda,1,no_normal
Test,6,2,0.36152643263339995,0.8763,1.6271846294403076,54.45544457435608,,1000,True,cuda,1,normal
Train,6,11,0.21333959897359211,0.9201833333333334,4.756249666213989,59.318883657455444,0.01,2000,True,cuda,1,no_normal
Train,6,12,0.21053247451782225,0.9209833333333334,4.881173133850098,64.42021656036377,0.01,2000,True,cuda,1,no_normal
Train,6,13,0.20023864756027857,0.9238,4.585538387298584,69.21030783653259,0.01,2000,True,cuda,1,no_normal
Train,6,14,0.19432481825351716,0.92605,4.5635085105896,73.98059296607971,0.01,2000,True,cuda,1,no_normal
Train,6,15,0.18602341016133625,0.9296166666666666,4.67094874382019,78.82194495201111,0.01,2000,True,cuda,1,no_normal
Test,6,3,0.4052255809307098,0.8737,1.5901238918304443,80.67222189903259,,1000,True,cuda,1,normal
Train,6,16,0.18263714462518693,0.9314166666666667,4.618412017822266,85.3749258518219,0.01,2000,True,cuda,1,no_normal
Train,6,17,0.18107137779394786,0.9305166666666667,4.6542112827301025,90.20671367645264,0.01,2000,True,cuda,1,no_normal
Train,6,18,0.1761762708425522,0.9333,4.607388019561768,94.98631024360657,0.01,2000,True,cuda,1,no_normal
Train,6,19,0.17018905033667883,0.9348166666666666,4.6173059940338135,99.79906678199768,0.01,2000,True,cuda,1,no_normal
Train,6,20,0.16574048151572546,0.9373666666666667,4.725346088409424,104.71696066856384,0.01,2000,True,cuda,1,no_normal
Test,6,4,0.41671513617038725,0.8754,1.5882501602172852,106.48986768722534,,1000,True,cuda,1,normal
Train,7,1,0.6912293215592702,0.7543166666666666,6.628215551376343,8.537216424942017,0.01,2000,False,cuda,1,normal
Train,7,2,0.36553190648555756,0.8646833333333334,6.622180700302124,15.501840591430664,0.01,2000,False,cuda,1,normal
Train,7,3,0.30975121359030405,0.8848,6.534663438796997,22.2547345161438,0.01,2000,False,cuda,1,normal
Train,7,4,0.2817727267742157,0.8952666666666667,6.547540664672852,29.12865924835205,0.01,2000,False,cuda,1,normal
Train,7,5,0.26487313508987426,0.9012166666666667,6.5717079639434814,36.01639676094055,0.01,2000,False,cuda,1,normal
Test,7,1,0.30497409403324127,0.8854,1.5921838283538818,37.95839476585388,,1000,True,cuda,1,normal
Train,7,6,0.25201012243827187,0.9064166666666666,6.599273681640625,44.63321137428284,0.01,2000,False,cuda,1,normal
Train,7,7,0.24114736467599868,0.9097333333333333,6.5893049240112305,51.3993124961853,0.01,2000,False,cuda,1,normal
Train,7,8,0.23191304355859757,0.9142,6.572059392929077,58.161269664764404,0.01,2000,False,cuda,1,normal
Train,7,9,0.2233650063474973,0.9172,6.603682518005371,64.97424387931824,0.01,2000,False,cuda,1,normal
Train,7,10,0.21644840488831202,0.9195666666666666,6.574417352676392,71.84042835235596,0.01,2000,False,cuda,1,normal
Test,7,2,0.2869181662797928,0.8963,1.58097243309021,73.72992396354675,,1000,True,cuda,1,normal
Train,7,11,0.2145662878950437,0.9180333333333334,6.592006206512451,80.40810823440552,0.01,2000,False,cuda,1,normal
Train,7,12,0.20333362768093746,0.9237666666666666,6.537484407424927,87.32076239585876,0.01,2000,False,cuda,1,normal
Train,7,13,0.1978140244881312,0.9256833333333333,6.616474390029907,94.17710328102112,0.01,2000,False,cuda,1,normal
Train,7,14,0.18967356433471044,0.9295833333333333,6.5617616176605225,100.93436479568481,0.01,2000,False,cuda,1,normal
Train,7,15,0.18801523447036744,0.9286666666666666,6.60370659828186,107.80303883552551,0.01,2000,False,cuda,1,normal
Test,7,3,0.2949611932039261,0.8981,1.5641562938690186,109.55075788497925,,1000,True,cuda,1,normal
Train,7,16,0.18907157927751542,0.9281,6.5745038986206055,116.20879292488098,0.01,2000,False,cuda,1,normal
Train,7,17,0.19173389971256255,0.9267666666666666,6.684544563293457,123.06654381752014,0.01,2000,False,cuda,1,normal
Train,7,18,0.18399623036384583,0.9304,6.544745683670044,129.80255365371704,0.01,2000,False,cuda,1,normal
Train,7,19,0.16927625089883805,0.9351833333333334,6.519683837890625,136.51047611236572,0.01,2000,False,cuda,1,normal
Train,7,20,0.16170779665311177,0.9376333333333333,6.574653148651123,143.27555227279663,0.01,2000,False,cuda,1,normal
Test,7,4,0.3168120503425598,0.8981,1.587125301361084,145.0682713985443,,1000,True,cuda,1,normal
Train,8,1,0.6800449897845586,0.7587833333333334,4.617494821548462,6.32668137550354,0.01,2000,False,cuda,1,no_normal
Train,8,2,0.3644050588210424,0.8641,4.656501531600952,11.177620887756348,0.01,2000,False,cuda,1,no_normal
Train,8,3,0.31446055273214973,0.8816666666666667,4.584520101547241,15.940657615661621,0.01,2000,False,cuda,1,no_normal
Train,8,4,0.28363393048445384,0.8917333333333334,4.531543493270874,20.64151954650879,0.01,2000,False,cuda,1,no_normal
Train,8,5,0.2646603931983312,0.9003833333333333,4.536582708358765,25.489471673965454,0.01,2000,False,cuda,1,no_normal
Test,8,1,0.44817877411842344,0.839,1.5836234092712402,27.274005889892578,,1000,True,cuda,1,normal
Train,8,6,0.2515875662366549,0.9056833333333333,4.570254564285278,31.954912185668945,0.01,2000,False,cuda,1,no_normal
Train,8,7,0.23864452789227167,0.9105666666666666,4.523487091064453,36.64608645439148,0.01,2000,False,cuda,1,no_normal
Train,8,8,0.23324208160241444,0.9109833333333334,4.6142637729644775,41.44586205482483,0.01,2000,False,cuda,1,no_normal
Train,8,9,0.2226835032304128,0.9160333333333334,4.534431457519531,46.15665340423584,0.01,2000,False,cuda,1,no_normal
Train,8,10,0.2154172196984291,0.9181,4.579021692276001,50.90709471702576,0.01,2000,False,cuda,1,no_normal
Test,8,2,0.47745407819747926,0.8395,1.623612642288208,52.73792338371277,,1000,True,cuda,1,normal
Train,8,11,0.2129640743136406,0.9199166666666667,4.635073184967041,57.48648428916931,0.01,2000,False,cuda,1,no_normal
Train,8,12,0.20617276231447856,0.9221833333333334,4.6075451374053955,62.28959012031555,0.01,2000,False,cuda,1,no_normal
Train,8,13,0.19987948189179103,0.9246166666666666,4.661561489105225,67.13047766685486,0.01,2000,False,cuda,1,no_normal
Train,8,14,0.19417761663595837,0.9261666666666667,4.559376001358032,71.87979412078857,0.01,2000,False,cuda,1,no_normal
Train,8,15,0.19204382648070653,0.9262,4.576535940170288,76.74262547492981,0.01,2000,False,cuda,1,no_normal
Test,8,3,0.5239402294158936,0.846,1.571446418762207,78.48398113250732,,1000,True,cuda,1,normal
Train,8,16,0.18879138976335524,0.9270333333333334,4.596536874771118,83.17133712768555,0.01,2000,False,cuda,1,no_normal
Train,8,17,0.18635067890087764,0.9282333333333334,4.602130174636841,87.9639196395874,0.01,2000,False,cuda,1,no_normal
Train,8,18,0.17291902005672455,0.9329666666666667,4.5786473751068115,92.74050784111023,0.01,2000,False,cuda,1,no_normal
Train,8,19,0.1633757342894872,0.93795,4.56759238243103,97.481853723526,0.01,2000,False,cuda,1,no_normal
Train,8,20,0.16331479499737422,0.9372833333333334,4.570242166519165,102.27666687965393,0.01,2000,False,cuda,1,no_normal
Test,8,4,0.5811127960681916,0.8279,1.563976764678955,104.04113173484802,,1000,True,cuda,1,normal
Train,9,1,1.002145980298519,0.6830666666666667,6.6810462474823,8.054279327392578,0.001,1000,True,cuda,1,normal
Train,9,2,0.45038933704296746,0.8357,6.638310432434082,14.882323265075684,0.001,1000,True,cuda,1,normal
Train,9,3,0.3653494954109192,0.867,6.6606409549713135,21.749401569366455,0.001,1000,True,cuda,1,normal
Train,9,4,0.32774775177240373,0.8811166666666667,6.594547510147095,28.56380820274353,0.001,1000,True,cuda,1,normal
Train,9,5,0.3045211657881737,0.88895,6.571488857269287,35.33882212638855,0.001,1000,True,cuda,1,normal
Test,9,1,0.3421415716409683,0.8748,1.5760715007781982,37.10635995864868,,1000,True,cuda,1,normal
Train,9,6,0.2870812435944875,0.89515,6.722780227661133,43.931023597717285,0.001,1000,True,cuda,1,normal
Train,9,7,0.27495483234524726,0.8996833333333333,6.662908315658569,50.78743934631348,0.001,1000,True,cuda,1,normal
Train,9,8,0.264046435803175,0.9023666666666667,6.690840005874634,57.658308267593384,0.001,1000,True,cuda,1,normal
Train,9,9,0.2515630160768827,0.9084,6.6699278354644775,64.5139708518982,0.001,1000,True,cuda,1,normal
Train,9,10,0.2429161680241426,0.9104333333333333,6.660797834396362,71.37517952919006,0.001,1000,True,cuda,1,normal
Test,9,2,0.309344020485878,0.8857,1.5651099681854248,73.16182923316956,,1000,True,cuda,1,normal
Train,9,11,0.23524746149778367,0.9143,6.624877452850342,79.89524984359741,0.001,1000,True,cuda,1,normal
Train,9,12,0.22720649391412734,0.91655,6.579383373260498,86.64454197883606,0.001,1000,True,cuda,1,normal
Train,9,13,0.21850705022613207,0.9207,6.628826856613159,93.45455145835876,0.001,1000,True,cuda,1,normal
Train,9,14,0.21635401174426078,0.9217833333333333,6.656450271606445,100.28736972808838,0.001,1000,True,cuda,1,normal
Train,9,15,0.21034592986106873,0.9227166666666666,6.68354344367981,107.27942395210266,0.001,1000,True,cuda,1,normal
Test,9,3,0.29837190806865693,0.8915,1.5941815376281738,109.0722393989563,,1000,True,cuda,1,normal
Train,9,16,0.2033025659620762,0.9253,6.64426589012146,115.82075476646423,0.001,1000,True,cuda,1,normal
Train,9,17,0.19617514510949452,0.9277,6.6263508796691895,122.63263034820557,0.001,1000,True,cuda,1,normal
Train,9,18,0.19558147663871447,0.92755,6.653406381607056,129.4901373386383,0.001,1000,True,cuda,1,normal
Train,9,19,0.18682532186309497,0.93045,6.640336275100708,136.31193375587463,0.001,1000,True,cuda,1,normal
Train,9,20,0.18289254183570544,0.9323666666666667,6.636191129684448,143.150648355484,0.001,1000,True,cuda,1,normal
Test,9,4,0.304593425989151,0.8956,1.6071250438690186,144.96278190612793,,1000,True,cuda,1,normal
Train,10,1,0.989901194969813,0.6970333333333333,4.808567523956299,6.043835401535034,0.001,1000,True,cuda,1,no_normal
Train,10,2,0.45285410235325496,0.8320833333333333,4.610411167144775,10.836116313934326,0.001,1000,True,cuda,1,no_normal
Train,10,3,0.36258695224920906,0.8670833333333333,4.642384052276611,15.659154415130615,0.001,1000,True,cuda,1,no_normal
Train,10,4,0.3251277029514313,0.8804166666666666,4.567441940307617,20.4120192527771,0.001,1000,True,cuda,1,no_normal
Train,10,5,0.3013627509276072,0.8891333333333333,4.730342864990234,25.338793992996216,0.001,1000,True,cuda,1,no_normal
Test,10,1,0.5071019232273102,0.8162,1.580324649810791,27.099022150039673,,1000,True,cuda,1,normal
Train,10,6,0.28626555303732554,0.8938166666666667,4.667546987533569,31.852225065231323,0.001,1000,True,cuda,1,no_normal
Train,10,7,0.27033689866463345,0.9007166666666667,4.5524585247039795,36.60127544403076,0.001,1000,True,cuda,1,no_normal
Train,10,8,0.25836466724673907,0.9037666666666667,4.572452783584595,41.35394859313965,0.001,1000,True,cuda,1,no_normal
Train,10,9,0.24853585039575896,0.90805,4.6668784618377686,46.2246208190918,0.001,1000,True,cuda,1,no_normal
Train,10,10,0.23813936586181322,0.9118,4.620420455932617,51.04354977607727,0.001,1000,True,cuda,1,no_normal
Test,10,2,0.5503532648086548,0.8161,1.6240570545196533,52.83783459663391,,1000,True,cuda,1,normal
Train,10,11,0.23184164837002755,0.9138666666666667,4.588435888290405,57.530195474624634,0.001,1000,True,cuda,1,no_normal
Train,10,12,0.22585429723064104,0.9154666666666667,4.651393890380859,62.388920307159424,0.001,1000,True,cuda,1,no_normal
Train,10,13,0.21783531059821445,0.9196833333333333,4.647398471832275,67.23866868019104,0.001,1000,True,cuda,1,no_normal
Train,10,14,0.2126293073097865,0.9210166666666667,4.594491720199585,72.02257180213928,0.001,1000,True,cuda,1,no_normal
Train,10,15,0.20566908891002336,0.92335,4.6334006786346436,76.87861061096191,0.001,1000,True,cuda,1,no_normal
Test,10,3,0.5731921076774598,0.8192,1.5921006202697754,78.67285871505737,,1000,True,cuda,1,normal
Train,10,16,0.2026676227649053,0.92345,4.642231464385986,83.39504981040955,0.001,1000,True,cuda,1,no_normal
Train,10,17,0.196182968467474,0.9273666666666667,4.6263587474823,88.22642374038696,0.001,1000,True,cuda,1,no_normal
Train,10,18,0.1914241909980774,0.9293666666666667,4.880728483200073,93.30114555358887,0.001,1000,True,cuda,1,no_normal
Train,10,19,0.18399943684538206,0.9320666666666667,4.854262828826904,98.37026333808899,0.001,1000,True,cuda,1,no_normal
Train,10,20,0.18088853508234023,0.93325,4.711380243301392,103.25155258178711,0.001,1000,True,cuda,1,no_normal
Test,10,4,0.6695221960544586,0.805,1.5562336444854736,105.01446652412415,,1000,True,cuda,1,normal
Train,11,1,1.0435419668753942,0.67275,6.666398048400879,8.013551235198975,0.001,1000,False,cuda,1,normal
Train,11,2,0.4519439354538918,0.8372,6.9046950340271,15.113797426223755,0.001,1000,False,cuda,1,normal
Train,11,3,0.3609357843796412,0.8682666666666666,6.633376121520996,21.925398588180542,0.001,1000,False,cuda,1,normal
Train,11,4,0.3216346899668376,0.8831333333333333,6.570523500442505,28.694629192352295,0.001,1000,False,cuda,1,normal
Train,11,5,0.29707393745581306,0.8915666666666666,6.6003124713897705,35.511066913604736,0.001,1000,False,cuda,1,normal
Test,11,1,0.33323665261268615,0.8773,1.6101016998291016,37.31937551498413,,1000,True,cuda,1,normal
Train,11,6,0.27918938199679055,0.8986,6.620824098587036,44.048869609832764,0.001,1000,False,cuda,1,normal
Train,11,7,0.26496347536643344,0.9044333333333333,6.622171640396118,50.856186628341675,0.001,1000,False,cuda,1,normal
Train,11,8,0.25283613726496695,0.90815,6.576272010803223,57.61462473869324,0.001,1000,False,cuda,1,normal
Train,11,9,0.24276158437132836,0.91155,6.627784729003906,64.4556519985199,0.001,1000,False,cuda,1,normal
Train,11,10,0.2331959550579389,0.9148,6.671680688858032,71.30266690254211,0.001,1000,False,cuda,1,normal
Test,11,2,0.30946454107761384,0.8891,1.568244457244873,73.0606062412262,,1000,True,cuda,1,normal
Train,11,11,0.22299295788009962,0.9189833333333334,6.572457551956177,79.73447680473328,0.001,1000,False,cuda,1,normal
Train,11,12,0.21588945339123408,0.9209666666666667,6.551845550537109,86.48362493515015,0.001,1000,False,cuda,1,normal
Train,11,13,0.20823064645131428,0.9239666666666667,6.69476318359375,93.37272119522095,0.001,1000,False,cuda,1,normal
Train,11,14,0.20088716273506482,0.9272166666666667,6.641401767730713,100.20402455329895,0.001,1000,False,cuda,1,normal
Train,11,15,0.19483900194366774,0.9295166666666667,6.630900621414185,107.04506158828735,0.001,1000,False,cuda,1,normal
Test,11,3,0.31059572994709017,0.8923,1.6239993572235107,108.86679244041443,,1000,True,cuda,1,normal
Train,11,16,0.1924244503180186,0.9299333333333333,6.6418352127075195,115.60110282897949,0.001,1000,False,cuda,1,normal
Train,11,17,0.18676690459251405,0.93225,6.733237981796265,122.6685836315155,0.001,1000,False,cuda,1,normal
Train,11,18,0.1803430256744226,0.9345833333333333,6.631394863128662,129.47930550575256,0.001,1000,False,cuda,1,normal
Train,11,19,0.17578157484531404,0.9357666666666666,6.613070964813232,136.28910493850708,0.001,1000,False,cuda,1,normal
Train,11,20,0.168770811210076,0.9386333333333333,6.637643814086914,143.09665751457214,0.001,1000,False,cuda,1,normal
Test,11,4,0.3326706886291504,0.8892,1.598160982131958,144.89469194412231,,1000,True,cuda,1,normal
Train,12,1,1.0185521016518275,0.6822833333333334,4.617529392242432,5.816293239593506,0.001,1000,False,cuda,1,no_normal
Train,12,2,0.4432640785972277,0.8378666666666666,4.572534561157227,10.603297233581543,0.001,1000,False,cuda,1,no_normal
Train,12,3,0.36347664097944893,0.8661666666666666,4.5986597537994385,15.382861852645874,0.001,1000,False,cuda,1,no_normal
Train,12,4,0.326274507244428,0.88005,4.641947269439697,20.229960680007935,0.001,1000,False,cuda,1,no_normal
Train,12,5,0.3030106782913208,0.8878,4.613784551620483,25.17828392982483,0.001,1000,False,cuda,1,no_normal
Test,12,1,0.4386145919561386,0.8356,1.6128263473510742,26.973880529403687,,1000,True,cuda,1,normal
Train,12,6,0.2857632910211881,0.8945333333333333,4.613547086715698,31.674493312835693,0.001,1000,False,cuda,1,no_normal
Train,12,7,0.2727056416372458,0.8989833333333334,4.6372230052948,36.495943546295166,0.001,1000,False,cuda,1,no_normal
Train,12,8,0.2618554857869943,0.90325,4.565328598022461,41.2551167011261,0.001,1000,False,cuda,1,no_normal
Train,12,9,0.2522311247885227,0.9059833333333334,4.600482225418091,46.037938833236694,0.001,1000,False,cuda,1,no_normal
Train,12,10,0.24246207624673843,0.9101333333333333,4.540471792221069,50.77885317802429,0.001,1000,False,cuda,1,no_normal
Test,12,2,0.42622606456279755,0.8439,1.5774011611938477,52.56067156791687,,1000,True,cuda,1,normal
Train,12,11,0.23347772459189098,0.91275,4.708423852920532,57.3633017539978,0.001,1000,False,cuda,1,no_normal
Train,12,12,0.22457601130008698,0.9159333333333334,4.642804145812988,62.18385076522827,0.001,1000,False,cuda,1,no_normal
Train,12,13,0.21761682778596877,0.9193333333333333,4.6278955936431885,67.01363253593445,0.001,1000,False,cuda,1,no_normal
Train,12,14,0.21184115757544836,0.9217666666666666,4.634204387664795,71.83409404754639,0.001,1000,False,cuda,1,no_normal
Train,12,15,0.20582030986746153,0.92395,4.711002588272095,76.75432705879211,0.001,1000,False,cuda,1,no_normal
Test,12,3,0.450441437959671,0.8444,1.7220354080200195,78.74019765853882,,1000,True,cuda,1,normal
Train,12,16,0.19949980874856313,0.9260333333333334,4.7152180671691895,83.54032135009766,0.001,1000,False,cuda,1,no_normal
Train,12,17,0.19475270907084147,0.9283833333333333,5.202189207077026,88.94465279579163,0.001,1000,False,cuda,1,no_normal
Train,12,18,0.19010669911901157,0.92985,4.70244026184082,93.84578657150269,0.001,1000,False,cuda,1,no_normal
Train,12,19,0.1853757825990518,0.9318833333333333,4.826061964035034,98.87114143371582,0.001,1000,False,cuda,1,no_normal
Train,12,20,0.18104802444577217,0.93345,4.6443915367126465,103.69236969947815,0.001,1000,False,cuda,1,no_normal
Test,12,4,0.4708332002162933,0.8454,1.5843775272369385,105.44665598869324,,1000,True,cuda,1,normal
Train,13,1,1.3451028168201447,0.6053833333333334,6.562967300415039,8.447749853134155,0.001,2000,True,cuda,1,normal
Train,13,2,0.6091151098410289,0.7826,6.6133081912994385,15.297154903411865,0.001,2000,True,cuda,1,normal
Train,13,3,0.4500086118777593,0.83605,6.6404709815979,22.20636796951294,0.001,2000,True,cuda,1,normal
Train,13,4,0.3799996942281723,0.8607333333333334,6.6081390380859375,29.06776785850525,0.001,2000,True,cuda,1,normal
Train,13,5,0.34273346364498136,0.8748,6.567973613739014,35.83503985404968,0.001,2000,True,cuda,1,normal
Test,13,1,0.36484275460243226,0.8676,1.5851292610168457,37.599311113357544,,1000,True,cuda,1,normal
Train,13,6,0.31753207643826803,0.8830166666666667,6.578439474105835,44.29619264602661,0.001,2000,True,cuda,1,normal
Train,13,7,0.30046950380007426,0.8902833333333333,6.617751598358154,51.12864947319031,0.001,2000,True,cuda,1,normal
Train,13,8,0.2872921715180079,0.8953666666666666,6.70903205871582,58.007590770721436,0.001,2000,True,cuda,1,normal
Train,13,9,0.2765517055988312,0.89875,6.688537359237671,64.93857860565186,0.001,2000,True,cuda,1,normal
Train,13,10,0.2665178860227267,0.90155,6.61890983581543,71.7473874092102,0.001,2000,True,cuda,1,normal
Test,13,2,0.316508087515831,0.886,1.5691564083099365,73.51851010322571,,1000,True,cuda,1,normal
Train,13,11,0.25782721589008967,0.9061333333333333,6.610705375671387,80.22916197776794,0.001,2000,True,cuda,1,normal
Train,13,12,0.2518351902564367,0.9084666666666666,6.654849529266357,87.13870739936829,0.001,2000,True,cuda,1,normal
Train,13,13,0.24304306954145433,0.91145,6.574466943740845,93.94086766242981,0.001,2000,True,cuda,1,normal
Train,13,14,0.23456118553876876,0.9150333333333334,6.5365846157073975,100.66137266159058,0.001,2000,True,cuda,1,normal
Train,13,15,0.22942856152852376,0.9165333333333333,6.621515274047852,107.5664005279541,0.001,2000,True,cuda,1,normal
Test,13,3,0.3066918671131134,0.8888,1.571326732635498,109.44045948982239,,1000,True,cuda,1,normal
Train,13,16,0.22323968162139257,0.9185,6.558996915817261,116.09777092933655,0.001,2000,True,cuda,1,normal
Train,13,17,0.21974923213322958,0.9201833333333334,6.6078221797943115,122.90866708755493,0.001,2000,True,cuda,1,normal
Train,13,18,0.21406952738761903,0.9222833333333333,6.614454030990601,129.7228856086731,0.001,2000,True,cuda,1,normal
Train,13,19,0.21104955524206162,0.9222333333333333,6.5828611850738525,136.69337511062622,0.001,2000,True,cuda,1,normal
Train,13,20,0.2051814173658689,0.9255166666666667,6.703691482543945,143.6921615600586,0.001,2000,True,cuda,1,normal
Test,13,4,0.3032464623451233,0.8935,1.5871434211730957,145.4917483329773,,1000,True,cuda,1,normal
Train,14,1,1.3881213426589967,0.5919833333333333,4.5775146484375,6.33370041847229,0.001,2000,True,cuda,1,no_normal
Train,14,2,0.5998447646697362,0.8005333333333333,4.609110593795776,11.242481470108032,0.001,2000,True,cuda,1,no_normal
Train,14,3,0.4328209191560745,0.8457833333333333,4.591442108154297,16.011152982711792,0.001,2000,True,cuda,1,no_normal
Train,14,4,0.3705300658941269,0.8668166666666667,4.592375040054321,20.874441623687744,0.001,2000,True,cuda,1,no_normal
Train,14,5,0.3384360522031784,0.8771166666666667,4.601391315460205,25.665518760681152,0.001,2000,True,cuda,1,no_normal
Test,14,1,0.4991083085536957,0.8197,1.5811185836791992,27.42566180229187,,1000,True,cuda,1,normal
Train,14,6,0.31615509688854215,0.8852833333333333,4.627388954162598,32.157418966293335,0.001,2000,True,cuda,1,no_normal
Train,14,7,0.2993450085322062,0.8902833333333333,4.638342380523682,36.99028515815735,0.001,2000,True,cuda,1,no_normal
Train,14,8,0.2877754916747411,0.8936,4.597420692443848,41.84334921836853,0.001,2000,True,cuda,1,no_normal
Train,14,9,0.27548406571149825,0.8985,4.583411455154419,46.63308525085449,0.001,2000,True,cuda,1,no_normal
Train,14,10,0.2665082037448883,0.9031166666666667,4.619945049285889,51.473955392837524,0.001,2000,True,cuda,1,no_normal
Test,14,2,0.5000415742397308,0.8201,1.5582773685455322,53.229592084884644,,1000,True,cuda,1,normal
Train,14,11,0.2584872672955195,0.90595,4.6090757846832275,57.9438693523407,0.001,2000,True,cuda,1,no_normal
Train,14,12,0.2512897953391075,0.9077,4.597039461135864,62.72392272949219,0.001,2000,True,cuda,1,no_normal
Train,14,13,0.24354135642449062,0.9109833333333334,4.698023557662964,67.62380576133728,0.001,2000,True,cuda,1,no_normal
Train,14,14,0.2360377202431361,0.9139833333333334,4.569312334060669,72.37398290634155,0.001,2000,True,cuda,1,no_normal
Train,14,15,0.22874283144871393,0.9160666666666667,4.740321636199951,77.3137936592102,0.001,2000,True,cuda,1,no_normal
Test,14,3,0.5712287843227386,0.8076,1.5834038257598877,79.18180584907532,,1000,True,cuda,1,normal
Train,14,16,0.22406550844510395,0.9183666666666667,4.6443681716918945,83.91950154304504,0.001,2000,True,cuda,1,no_normal
Train,14,17,0.2187186454733213,0.92045,4.665194034576416,88.89933276176453,0.001,2000,True,cuda,1,no_normal
Train,14,18,0.21302953958511353,0.9222,4.600666046142578,93.68936133384705,0.001,2000,True,cuda,1,no_normal
Train,14,19,0.20743202666441599,0.9242833333333333,4.589153289794922,98.48598551750183,0.001,2000,True,cuda,1,no_normal
Train,14,20,0.20436586538950602,0.9262,4.569436311721802,103.24176526069641,0.001,2000,True,cuda,1,no_normal
Test,14,4,0.6059541404247284,0.8,1.5891129970550537,105.01341271400452,,1000,True,cuda,1,normal
Train,15,1,1.3749742249647776,0.61915,6.676425457000732,8.554415941238403,0.001,2000,False,cuda,1,normal
Train,15,2,0.6209209670623144,0.78245,6.538981199264526,15.27806806564331,0.001,2000,False,cuda,1,normal
Train,15,3,0.45500470797220866,0.8349333333333333,6.645107746124268,22.101626873016357,0.001,2000,False,cuda,1,normal
Train,15,4,0.39077279567718504,0.8588333333333333,6.633783578872681,28.942230224609375,0.001,2000,False,cuda,1,normal
Train,15,5,0.35241477688153583,0.87265,6.567471265792847,35.69284129142761,0.001,2000,False,cuda,1,normal
Test,15,1,0.38167467415332795,0.8577,1.6010992527008057,37.49519968032837,,1000,True,cuda,1,normal
Train,15,6,0.32779691616694134,0.8811666666666667,6.575571060180664,44.172911405563354,0.001,2000,False,cuda,1,normal
Train,15,7,0.3099330375591914,0.8866666666666667,6.546098470687866,50.91232776641846,0.001,2000,False,cuda,1,normal
Train,15,8,0.29674527744452156,0.891,6.608783721923828,57.74089598655701,0.001,2000,False,cuda,1,normal
Train,15,9,0.2840958108504613,0.8954166666666666,6.556548833847046,64.47738313674927,0.001,2000,False,cuda,1,normal
Train,15,10,0.27268423785765966,0.90065,6.589749574661255,71.25072383880615,0.001,2000,False,cuda,1,normal
Test,15,2,0.3375130116939545,0.8785,1.5840954780578613,73.00476694107056,,1000,True,cuda,1,normal
Train,15,11,0.2624665881196658,0.9051666666666667,6.606956720352173,79.71328830718994,0.001,2000,False,cuda,1,normal
Train,15,12,0.2537190889318784,0.9084,6.6194007396698,86.53195428848267,0.001,2000,False,cuda,1,normal
Train,15,13,0.24707762996355692,0.91065,6.512514591217041,93.2493839263916,0.001,2000,False,cuda,1,normal
Train,15,14,0.24030592987934749,0.91285,6.667305946350098,100.11682415008545,0.001,2000,False,cuda,1,normal
Train,15,15,0.23277932355801265,0.9152666666666667,6.632638454437256,107.08071517944336,0.001,2000,False,cuda,1,normal
Test,15,3,0.32462417930364607,0.8851,1.5981547832489014,108.85638356208801,,1000,True,cuda,1,normal
Train,15,16,0.22551422317822775,0.9184333333333333,6.559190034866333,115.50927233695984,0.001,2000,False,cuda,1,normal
Train,15,17,0.21914490362008412,0.9202333333333333,6.608476877212524,122.29670810699463,0.001,2000,False,cuda,1,normal
Train,15,18,0.21353768905003864,0.9227,6.568559169769287,129.2007884979248,0.001,2000,False,cuda,1,normal
Train,15,19,0.20782100409269333,0.9248,6.609324216842651,136.05015563964844,0.001,2000,False,cuda,1,normal
Train,15,20,0.20220474849144618,0.9269666666666667,6.657389402389526,142.92672324180603,0.001,2000,False,cuda,1,normal
Test,15,4,0.3244777381420135,0.8877,1.6487188339233398,144.76357984542847,,1000,True,cuda,1,normal
Train,16,1,1.360298252105713,0.6226,4.517509460449219,6.287721872329712,0.001,2000,False,cuda,1,no_normal
Train,16,2,0.6173922300338746,0.7732833333333333,4.536597967147827,11.019184112548828,0.001,2000,False,cuda,1,no_normal
Train,16,3,0.47454886734485624,0.8214833333333333,4.65848183631897,15.885155200958252,0.001,2000,False,cuda,1,no_normal
Train,16,4,0.39819536606470746,0.8555166666666667,4.547624826431274,20.615293264389038,0.001,2000,False,cuda,1,no_normal
Train,16,5,0.35584759414196016,0.8710333333333333,4.526076078414917,25.337148189544678,0.001,2000,False,cuda,1,no_normal
Test,16,1,0.4720395773649216,0.8255,1.6299641132354736,27.171453714370728,,1000,True,cuda,1,normal
Train,16,6,0.3300798644622167,0.8789,4.590914487838745,31.873347997665405,0.001,2000,False,cuda,1,no_normal
Train,16,7,0.31205956141153973,0.88525,4.549090623855591,36.59965777397156,0.001,2000,False,cuda,1,no_normal
Train,16,8,0.2972475190957387,0.8909333333333334,4.601346969604492,41.51000142097473,0.001,2000,False,cuda,1,no_normal
Train,16,9,0.28372682829697926,0.8959333333333334,4.69512414932251,46.41068363189697,0.001,2000,False,cuda,1,no_normal
Train,16,10,0.27296045621236165,0.9001,4.640710830688477,51.25064468383789,0.001,2000,False,cuda,1,no_normal
Test,16,2,0.4724846571683884,0.8238,1.5942332744598389,53.04745531082153,,1000,True,cuda,1,normal
Train,16,11,0.2636436730623245,0.9032166666666667,4.529670000076294,57.66956090927124,0.001,2000,False,cuda,1,no_normal
Train,16,12,0.2552673116326332,0.9056333333333333,4.632458448410034,62.505232095718384,0.001,2000,False,cuda,1,no_normal
Train,16,13,0.24710499197244645,0.9087833333333334,4.596644163131714,67.30177044868469,0.001,2000,False,cuda,1,no_normal
Train,16,14,0.2392025922735532,0.9114333333333333,4.62545108795166,72.12486052513123,0.001,2000,False,cuda,1,no_normal
Train,16,15,0.23265243768692018,0.9145,4.5369579792022705,76.8436598777771,0.001,2000,False,cuda,1,no_normal
Test,16,3,0.46597524285316466,0.8355,1.5661487579345703,78.60804843902588,,1000,True,cuda,1,normal
Train,16,16,0.22686862001816432,0.9164833333333333,4.54845929145813,83.25389885902405,0.001,2000,False,cuda,1,no_normal
Train,16,17,0.2201325113574664,0.9184833333333333,4.520554065704346,88.14680290222168,0.001,2000,False,cuda,1,no_normal
Train,16,18,0.2166222443183263,0.9201833333333334,4.559623956680298,93.01344084739685,0.001,2000,False,cuda,1,no_normal
Train,16,19,0.21150459498167037,0.9225,4.573330879211426,97.76509833335876,0.001,2000,False,cuda,1,no_normal
Train,16,20,0.20664647618929546,0.92465,4.590542793273926,102.55554056167603,0.001,2000,False,cuda,1,no_normal
Test,16,4,0.4856849431991577,0.8354,1.5914795398712158,104.34973978996277,,1000,True,cuda,1,normal
